building_id,arm,n_origins,nmae,nrmse,mape
Bear_assembly_Jose,first_15,28,0.15608846961219583,0.19179507105082919,16.689411662173928
Bear_education_Maryjane,first_15,28,0.19778588803998814,0.24698617479798982,19.85556940038537
Bear_public_Orville,first_15,28,0.2852706260410456,0.4443793563673388,35.736895675523414
Bobcat_education_Toni,first_15,28,0.17400852202318487,0.22544967855919076,33.87949820087193
Bobcat_education_Whitney,first_15,28,0.44638303950553454,0.5308146473936095,84.29476118259677
Bobcat_office_Melody,first_15,28,0.10478001378765364,0.13816723518804483,10.262332849935481
Bull_education_Brandi,first_15,28,0.24323068427890088,0.3616037249207003,281.97628989267207
Bull_education_Patrina,first_15,28,0.2712439584446983,0.3512788931044038,249.93845205262897
Bull_lodging_Carie,first_15,28,0.18103073326118196,0.24223633049252075,200.1664528253615
Bull_office_Trevor,first_15,28,0.3437764691074477,1.048342525913821,215.88233941251013
Cockatoo_assembly_Fernanda,first_15,28,0.180213215260774,0.23060118305544483,21.818144015760137
Cockatoo_education_Christi,first_15,28,3.2511210573080978,6.034552738547734,325.11210573080996
Cockatoo_education_Collin,first_15,28,0.0670460888450171,0.08807216394299637,6.750329540890496
Cockatoo_office_Paige,first_15,28,0.13345606172665633,0.17746599253500686,13.289565381866058
Crow_education_Marlin,first_15,28,0.0394019045189582,0.08115059099446903,3.9401904518958197
Eagle_education_Shanna,first_15,28,0.15321715929929278,0.18891724962886322,15.940814179757258
Eagle_public_Minnie,first_15,28,0.09755352661041476,0.12363361278195541,10.040410043603073
Fox_education_Kim,first_15,28,0.22325408562443833,0.30363030231077137,52.20633104148264
Fox_lodging_Wallace,first_15,28,0.14271876335588832,0.19801915205236015,15.480756512275375
Fox_office_Berniece,first_15,28,0.2798609917130332,0.3713075851598545,30.22995758698296
Fox_public_Denny,first_15,28,0.08456915409552686,0.11000835060289632,8.913774237105153
Gator_office_August,first_15,28,0.35339747210932504,0.46712187519609794,477.3251382919033
Gator_public_Nettie,first_15,28,0.25396656407796525,0.36180423573360426,51.33154601763359
Gator_warehouse_Stacie,first_15,28,0.22960078211866394,0.31925893874486766,52.03080599769181
Hog_assembly_Pedro,first_15,28,0.2595650818839834,0.3369724118150548,27.384884546716602
Hog_education_George,first_15,28,0.05220008860607758,0.06657902794751483,5.2289198612666805
Hog_lodging_Mauricio,first_15,28,0.11701234394167373,0.17329002091024567,13.987368399975194
Hog_office_Randi,first_15,28,0.12210642565711488,0.19969306963337438,13.263829992847779
Hog_parking_Bernardo,first_15,28,0.11865746333603107,0.16066948756821703,11.615324577212057
Hog_public_Gerard,first_15,28,0.07855699044906096,0.10746258534048361,8.809202054214415
Lamb_education_Mae,first_15,28,0.4140586900572039,0.5369537605647348,57.60677947126034
Lamb_education_Mckenzie,first_15,28,0.33240684385654307,0.4631822833944833,38.153923901246564
Lamb_industrial_Willard,first_15,28,24.238598415550467,24.71119324689281,2423.859841555047
Lamb_lodging_Burt,first_15,28,0.5658135785237352,0.6625836471537766,94.88067849327618
Lamb_office_Jo,first_15,28,12.557924030465074,13.003068031363128,1255.7924030465074
Moose_education_Leland,first_15,28,0.07042387239069732,0.096696238327619,7.236818923159616
Moose_education_Ricardo,first_15,28,0.06038410088641358,0.07681769055629764,6.100221005689358
Mouse_health_Modesto,first_15,28,,,25587837444.61834
Panther_education_Edna,first_15,28,0.19912767407386528,0.25615889239739514,20.533045002409775
Panther_education_Teofila,first_15,28,0.1996944142847234,0.2962877679981777,25.59319637568691
Panther_office_Larry,first_15,28,0.2819094115347682,0.3622932845490881,33.09923199245641
Peacock_education_Pasquale,first_15,28,0.04091803524636651,0.051691462849852494,4.1584032960091815
Peacock_lodging_James,first_15,28,0.16550121727639278,0.2124071873800397,17.65954296325067
Peacock_office_Effie,first_15,28,0.22494399899523007,0.27932464682067365,26.05156278518533
Rat_assembly_Ezequiel,first_15,28,0.2863741479175544,0.36013163971872303,30.558155427318507
Rat_education_Kelsey,first_15,28,0.12510438563202023,0.15759022945242943,12.305466648896997
Rat_education_Robyn,first_15,28,0.12730072896438158,0.1804790541873126,13.385296875595781
Rat_other_Lan,first_15,28,0.1346317972629285,0.15918731624762525,29.83981987362185
Robin_assembly_Colleen,first_15,28,0.2767853230204239,0.3485213000976819,36.76514920591828
Robin_education_Della,first_15,28,0.43350189593433713,0.5254502010586731,151.45529444201074
Robin_public_Cami,first_15,28,0.2877305305668229,0.3628419927183371,37.6605459171175
Swan_unknown_Esteban,first_15,28,0.1299949545634471,0.15992460626280278,14.660460380815623
Wolf_education_Roderick,first_15,28,0.500500586619748,0.6293424240682741,157.50724444836007
Wolf_office_Elisabeth,first_15,28,0.06607261216000974,0.08268015297433212,6.733638649552106
Wolf_office_Nadia,first_15,28,0.19035325638250772,0.2608916650078522,19.762459270196818
Wolf_public_Norma,first_15,28,0.5462985656472926,0.7000887099485633,84.80413373397569
Wolf_retail_Toshia,first_15,28,0.6402939150305684,0.8994134401598358,133.15381910045127
Bear_assembly_Jose,full,28,0.07192040224551069,0.09171428926489966,7.32503685569595
Bear_education_Maryjane,full,28,0.11043180277895268,0.15108281817716507,10.72625490722293
Bear_public_Orville,full,28,0.1997575478033824,0.3275818226422182,24.756356944173515
Bobcat_education_Toni,full,28,0.1118039063139395,0.18045138953582424,23.589415991640323
Bobcat_education_Whitney,full,28,0.14512217476349323,0.24391242872421506,22.01590977320182
Bobcat_office_Melody,full,28,0.0768533233296926,0.11109718770027774,7.389731121184124
Bull_education_Brandi,full,28,0.24747392011091796,0.3623266708065775,280.5639504855637
Bull_education_Patrina,full,28,0.3194800642647858,0.39688224654182597,170.9974518459133
Bull_lodging_Carie,full,28,0.13239019690263737,0.2081292796854887,237.8470525770676
Bull_office_Trevor,full,28,0.24194008511795453,1.0021456515969922,244.7797454753226
Cockatoo_assembly_Fernanda,full,28,0.16169855033402003,0.20820226361013264,20.303931226215134
Cockatoo_education_Christi,full,28,1.0492931592487218,2.4832990090304747,104.9293159248722
Cockatoo_education_Collin,full,28,0.04544050577556498,0.0632409328741301,4.5470995209570475
Cockatoo_office_Paige,full,28,0.10951149304113864,0.15004396232763925,11.056666742202538
Crow_education_Marlin,full,28,0.04317649384922691,0.07890333453421355,4.3176493849226905
Eagle_education_Shanna,full,28,0.1283110995103058,0.1614076290826204,12.90429814428007
Eagle_public_Minnie,full,28,0.07253554525302822,0.09581057545080794,7.147807007871012
Fox_education_Kim,full,28,0.20791562340885134,0.28128957841247726,52.72859641277942
Fox_lodging_Wallace,full,28,0.051681247926256835,0.07785586292336358,5.829380409276644
Fox_office_Berniece,full,28,0.18180026982630404,0.2590820263454156,20.435530887330593
Fox_public_Denny,full,28,0.06930721924417067,0.09401567104073713,7.3501764891470796
Gator_office_August,full,28,0.3183559044256606,0.4624636791131583,822.2782066715641
Gator_public_Nettie,full,28,0.6192252243669936,0.7477293715697899,79.94507477568382
Gator_warehouse_Stacie,full,28,0.2613127771170615,0.3491777169499824,55.402486821717545
Hog_assembly_Pedro,full,28,0.22361866172155123,0.3008910550452636,22.565955474830083
Hog_education_George,full,28,0.030836677811577867,0.045698485782742736,3.0840348706014455
Hog_lodging_Mauricio,full,28,0.07918120063064378,0.1108067004907021,9.1561769865761
Hog_office_Randi,full,28,0.10343262484342297,0.1749950917704645,11.12043443874443
Hog_parking_Bernardo,full,28,0.08777664254113987,0.11407259300466731,8.617975943807588
Hog_public_Gerard,full,28,0.04286251135138693,0.05858786704677225,4.511564010067036
Lamb_education_Mae,full,28,0.33958232204360506,0.48964884152913085,37.06410000921529
Lamb_education_Mckenzie,full,28,0.3504242929250392,0.5541041109468953,31.203369322941217
Lamb_industrial_Willard,full,28,18.257285362575196,18.86277695638453,1825.7285362575203
Lamb_lodging_Burt,full,28,0.3709830573371117,0.5334326239338161,37.10094301754694
Lamb_office_Jo,full,28,8.619435734037928,9.084990363996353,861.943573403793
Moose_education_Leland,full,28,0.04753944535560258,0.0777773295911359,4.875813047943602
Moose_education_Ricardo,full,28,0.040096615421594574,0.06555620681126317,4.011688791950436
Mouse_health_Modesto,full,28,,,34912085393.4437
Panther_education_Edna,full,28,0.08980010756637721,0.13003366876491024,9.296467017591487
Panther_education_Teofila,full,28,0.1829695194226043,0.2724849422016626,24.445499633617953
Panther_office_Larry,full,28,0.11777098412649897,0.1559008389690523,13.738027579165045
Peacock_education_Pasquale,full,28,0.038537783487369436,0.05040978336744702,3.9176516239708428
Peacock_lodging_James,full,28,0.08898516545135754,0.12132852362603343,9.111805478854002
Peacock_office_Effie,full,28,0.12872901593284974,0.16762448125845247,13.825824647890139
Rat_assembly_Ezequiel,full,28,0.1995750049237578,0.2505500325636314,23.508625857197313
Rat_education_Kelsey,full,28,0.09059179460527304,0.11933322301603848,8.84237804804235
Rat_education_Robyn,full,28,0.09609826805741904,0.1321834115055516,10.074758426140066
Rat_other_Lan,full,28,0.14548371376623606,0.18411589390995622,32.06858407598139
Robin_assembly_Colleen,full,28,0.2378721548704756,0.29637423055746953,29.849644100716326
Robin_education_Della,full,28,0.36889963086615063,0.4785135233645826,120.35274807781673
Robin_public_Cami,full,28,0.20099605491990313,0.24774404428487362,24.396692206632466
Swan_unknown_Esteban,full,28,0.07183329610398084,0.09876140970648678,7.408717685865322
Wolf_education_Roderick,full,28,0.4237166856279036,0.5683281685037763,176.44070681951993
Wolf_office_Elisabeth,full,28,0.061780824597474096,0.08410758576321727,6.311439479519636
Wolf_office_Nadia,full,28,0.2202119893072428,0.30468389756052283,23.073621634472747
Wolf_public_Norma,full,28,0.40764247714422935,0.5275544243053136,57.456252996747445
Wolf_retail_Toshia,full,28,0.5631461405858662,0.8272547883506735,114.88811882090468
Bear_assembly_Jose,last_15,28,0.0907754785169028,0.11422170609383225,9.211505653349047
Bear_education_Maryjane,last_15,28,0.11294441372753423,0.14595606359983573,11.136752448860017
Bear_public_Orville,last_15,28,0.25630348662226915,0.3578706391393181,33.76901976399765
Bobcat_education_Toni,last_15,28,0.13382437789781565,0.19810691636813357,24.6141618568902
Bobcat_education_Whitney,last_15,28,0.24847048047897052,0.3312743823643826,36.13294923192146
Bobcat_office_Melody,last_15,28,0.1323714838633553,0.17236665169660229,12.874036234838652
Bull_education_Brandi,last_15,28,0.3578940394956801,0.4514429538435654,257.76461077170455
Bull_education_Patrina,last_15,28,0.37498161170913863,0.468679458815686,210.9298442433752
Bull_lodging_Carie,last_15,28,0.24629363513816485,0.32251248052160464,224.69607043770856
Bull_office_Trevor,last_15,28,0.9247030611840321,1.4272040615203174,196.61102226083608
Cockatoo_assembly_Fernanda,last_15,28,0.18585705847974568,0.23865225676326698,22.7041183786311
Cockatoo_education_Christi,last_15,28,2.7498555264043785,5.488549004080512,274.98555264043785
Cockatoo_education_Collin,last_15,28,0.0591991777984401,0.07970410980945242,5.772025818800205
Cockatoo_office_Paige,last_15,28,0.1211547206192392,0.16302732603832823,12.388312037766628
Crow_education_Marlin,last_15,28,0.022328648325782637,0.04146809036465794,2.232864832578264
Eagle_education_Shanna,last_15,28,0.17577073511487257,0.22261082362730028,19.173363913185305
Eagle_public_Minnie,last_15,28,0.0924321310792812,0.11856152663850145,9.168680879237437
Fox_education_Kim,last_15,28,0.3212471992401723,0.39844458551213136,70.34355090802941
Fox_lodging_Wallace,last_15,28,0.1611415865876195,0.2008444519952778,16.866037545261147
Fox_office_Berniece,last_15,28,0.2110318896008486,0.296472773047889,23.408481058224062
Fox_public_Denny,last_15,28,0.08023982404492687,0.10362092913474263,8.297841476027756
Gator_office_August,last_15,28,0.3203399599469375,0.4434854877870324,838.4030968779749
Gator_public_Nettie,last_15,28,0.28567534797533584,0.381980841993979,49.12518868672545
Gator_warehouse_Stacie,last_15,28,0.2232369038163147,0.3059249419197947,49.12335258463874
Hog_assembly_Pedro,last_15,28,0.25077079922648454,0.33018149719171214,26.867135623315008
Hog_education_George,last_15,28,0.039934890204446044,0.058189588406752576,3.8989519364462657
Hog_lodging_Mauricio,last_15,28,0.16134952525988167,0.20649437517017372,17.857298285301322
Hog_office_Randi,last_15,28,0.14106856930946418,0.21534105203512696,13.965781728666707
Hog_parking_Bernardo,last_15,28,0.15038675880640007,0.19200232331591988,14.595006028514193
Hog_public_Gerard,last_15,28,0.11643754605081341,0.1462786372926804,13.552478523629075
Lamb_education_Mae,last_15,28,0.8516648855650588,1.1667691761956915,83.39540810572933
Lamb_education_Mckenzie,last_15,28,0.7876305482913035,1.12306492019863,73.62918706998533
Lamb_industrial_Willard,last_15,28,0.201666545375095,0.2517037648614263,20.16665453750951
Lamb_lodging_Burt,last_15,28,0.5721989332438923,0.6818827077803516,103.4322549574713
Lamb_office_Jo,last_15,28,0.10083307786165581,0.12585165636499474,10.08330778616558
Moose_education_Leland,last_15,28,0.07936494164687038,0.11600714631325558,7.9859015091096355
Moose_education_Ricardo,last_15,28,0.06608552418333095,0.0865363661117214,6.8829026163669775
Mouse_health_Modesto,last_15,28,,,10086065352.273481
Panther_education_Edna,last_15,28,0.13858035418532502,0.19053401251049942,14.744079467495927
Panther_education_Teofila,last_15,28,0.2690024920769776,0.38781248893269804,35.860799317391326
Panther_office_Larry,last_15,28,0.18089795238606762,0.23466917612773952,21.381595060399803
Peacock_education_Pasquale,last_15,28,0.04530428887518408,0.055999588250588206,4.545546563609093
Peacock_lodging_James,last_15,28,0.16733286686470203,0.20554501867655925,17.601122209000504
Peacock_office_Effie,last_15,28,0.1883327381610341,0.23731174286325488,20.57539941037137
Rat_assembly_Ezequiel,last_15,28,0.27644859587488996,0.34300959128114283,33.14067914029295
Rat_education_Kelsey,last_15,28,0.10347927660202319,0.13401804637686643,10.393929664849077
Rat_education_Robyn,last_15,28,0.12075648856873887,0.16317452722677864,11.862830488516094
Rat_other_Lan,last_15,28,0.20651092802455293,0.24534439568755265,41.7526001224711
Robin_assembly_Colleen,last_15,28,0.293816125545695,0.36428602906755936,39.676752939743956
Robin_education_Della,last_15,28,0.4222643268878656,0.5217618490568704,149.11170254049432
Robin_public_Cami,last_15,28,0.2313801682508837,0.28667840893835383,29.4857076839174
Swan_unknown_Esteban,last_15,28,0.10515807789487651,0.13427595974981826,11.335218741055412
Wolf_education_Roderick,last_15,28,0.5953828324848677,0.7640161676372406,241.79339658688176
Wolf_office_Elisabeth,last_15,28,0.06978001160031393,0.08445960403946291,7.067547782303928
Wolf_office_Nadia,last_15,28,0.19734494119290324,0.26088529572367103,20.687755787361215
Wolf_public_Norma,last_15,28,0.4496312390722695,0.5944950646848695,60.26936350314445
Wolf_retail_Toshia,last_15,28,0.6691604656537966,0.9241184450105605,127.37380876695326
Bear_assembly_Jose,last_30,28,0.10320541406874273,0.12729981784867822,10.708278343610383
Bear_education_Maryjane,last_30,28,0.12644307830542223,0.16173020108330582,12.637781994627396
Bear_public_Orville,last_30,28,0.23580434969400085,0.32496416175542336,28.40830918756866
Bobcat_education_Toni,last_30,28,0.1288044167018121,0.18872881598210506,26.453865592401236
Bobcat_education_Whitney,last_30,28,0.2389797656998908,0.3203683936657745,37.440912396543816
Bobcat_office_Melody,last_30,28,0.09798438238512631,0.13150551446111639,9.488720011048548
Bull_education_Brandi,last_30,28,0.3125358535316507,0.399636590897385,272.5571260218411
Bull_education_Patrina,last_30,28,0.34535868978206785,0.4252587177315134,270.2679595813077
Bull_lodging_Carie,last_30,28,0.1587861896514676,0.22781322528225373,243.83250976655057
Bull_office_Trevor,last_30,28,2.187561776267704,2.752365364954118,341.88963503753047
Cockatoo_assembly_Fernanda,last_30,28,0.1407647676874909,0.1782346809776702,17.01027694897735
Cockatoo_education_Christi,last_30,28,2.4814815319482437,4.721351146988631,248.14815319482443
Cockatoo_education_Collin,last_30,28,0.057679123241548266,0.07557612589742217,5.696539485144969
Cockatoo_office_Paige,last_30,28,0.1066924516394779,0.1458879043140683,10.714714272740197
Crow_education_Marlin,last_30,28,0.028855103594531785,0.05302112649029599,2.8855103594531784
Eagle_education_Shanna,last_30,28,0.1509869627546266,0.18874361176557078,15.771581212461752
Eagle_public_Minnie,last_30,28,0.08385974804590075,0.10869691220148399,8.397755036232352
Fox_education_Kim,last_30,28,0.29612296602544413,0.3714898461976713,62.55658466937606
Fox_lodging_Wallace,last_30,28,0.11214496630533691,0.15081042887092838,12.221187744781618
Fox_office_Berniece,last_30,28,0.1952311856790063,0.2794451677878712,22.854233024219152
Fox_public_Denny,last_30,28,0.07835423692787466,0.10103115209999296,8.299953489146288
Gator_office_August,last_30,28,0.3979024997177161,0.5181690476552296,837.3885632796759
Gator_public_Nettie,last_30,28,0.47077260788950204,0.5828496606672886,56.90931886387537
Gator_warehouse_Stacie,last_30,28,0.33601190852303614,0.4081135990945639,60.35521497837281
Hog_assembly_Pedro,last_30,28,0.24195748834503464,0.3214770948117027,25.732016678139374
Hog_education_George,last_30,28,0.03814536432550153,0.049651579678881286,3.7849883757259257
Hog_lodging_Mauricio,last_30,28,0.10603160735308244,0.13736937896797385,11.66286094495549
Hog_office_Randi,last_30,28,0.13511450129934546,0.19335859286677531,13.124099218225748
Hog_parking_Bernardo,last_30,28,0.11355001097520115,0.14345988580380944,11.001013865990386
Hog_public_Gerard,last_30,28,0.12915224963466998,0.1664602014054857,15.200463051815488
Lamb_education_Mae,last_30,28,0.4758148216696082,0.7200845781720304,52.0909649500514
Lamb_education_Mckenzie,last_30,28,0.44212857753883833,0.6713280721107712,42.10432683220351
Lamb_industrial_Willard,last_30,28,0.1357043246292354,0.168033645167639,13.57043246292354
Lamb_lodging_Burt,last_30,28,0.5613358304378652,0.687473872397703,99.56858901960133
Lamb_office_Jo,last_30,28,0.0678483952797251,0.08400893898769864,6.784839527972511
Moose_education_Leland,last_30,28,0.06984732226402583,0.09480977010537421,7.143342430475127
Moose_education_Ricardo,last_30,28,0.05065134208715815,0.06906139985466404,5.001276048131667
Mouse_health_Modesto,last_30,28,,,159490510510.90158
Panther_education_Edna,last_30,28,0.11933555983367404,0.1668363005373296,12.561119261994714
Panther_education_Teofila,last_30,28,0.22314940969821778,0.31670255672353964,29.725367518585234
Panther_office_Larry,last_30,28,0.17712667199857093,0.23455666787522084,19.849000573620444
Peacock_education_Pasquale,last_30,28,0.045007485793340164,0.05570226043604831,4.56829699004375
Peacock_lodging_James,last_30,28,0.13601478572918008,0.17580040900998092,14.392149412444974
Peacock_office_Effie,last_30,28,0.14992914116968803,0.1918131295755184,16.44109382890943
Rat_assembly_Ezequiel,last_30,28,0.2638798341566802,0.3258056837833596,31.172107255613096
Rat_education_Kelsey,last_30,28,0.11126476531601805,0.13981128730752299,11.023208457206136
Rat_education_Robyn,last_30,28,0.11278200749736232,0.1456501864041151,11.580723864497624
Rat_other_Lan,last_30,28,0.12513946697863565,0.15655651174163204,25.714665608872373
Robin_assembly_Colleen,last_30,28,0.2648593882371732,0.33090097087414644,34.21776430962857
Robin_education_Della,last_30,28,0.4251290405905675,0.5207174010113701,147.50446955062765
Robin_public_Cami,last_30,28,0.20502645555767696,0.25095858858830705,24.029882446870822
Swan_unknown_Esteban,last_30,28,0.08598683793206863,0.11282138315451888,8.899832322744466
Wolf_education_Roderick,last_30,28,0.45640121066730815,0.6043023259787251,153.86248835019322
Wolf_office_Elisabeth,last_30,28,0.06157496604325399,0.08191729452457794,6.207023929415208
Wolf_office_Nadia,last_30,28,0.20258709815384135,0.2682225133871292,21.412451774805195
Wolf_public_Norma,last_30,28,0.46498313300888805,0.6438211569754269,67.64209609898893
Wolf_retail_Toshia,last_30,28,0.6026057735135674,0.8118628194991566,112.1207169574387
Bear_assembly_Jose,zeroshot,28,0.23255897451538046,0.27820021968498126,27.916815375153725
Bear_education_Maryjane,zeroshot,28,0.14599981633385492,0.17696938082339106,14.228260622262356
Bear_public_Orville,zeroshot,28,0.5661935551060345,0.6265846859425027,76.28796251841428
Bobcat_education_Toni,zeroshot,28,0.2547763360167852,0.31659516414417477,42.43746401880872
Bobcat_education_Whitney,zeroshot,28,0.4526738226672532,0.5190508158681915,79.36799385323523
Bobcat_office_Melody,zeroshot,28,0.1303566916165982,0.1743525973473169,12.309222523828895
Bull_education_Brandi,zeroshot,28,0.3310248434617006,0.4311324157632405,289.73391424846875
Bull_education_Patrina,zeroshot,28,0.3456385439657193,0.42387904158902895,328.3231515353885
Bull_lodging_Carie,zeroshot,28,0.1810116620469238,0.24654441415081732,250.3859500643956
Bull_office_Trevor,zeroshot,28,0.32146463319270646,1.0169956931633242,217.562119042142
Cockatoo_assembly_Fernanda,zeroshot,28,0.24737688688025386,0.2932562353929146,30.810461513698055
Cockatoo_education_Christi,zeroshot,28,1.199258171519069,2.409387275075225,119.92581715190693
Cockatoo_education_Collin,zeroshot,28,0.12376981116146094,0.15047248363439397,12.445170989369462
Cockatoo_office_Paige,zeroshot,28,0.2233494067383756,0.2664749520296872,23.859756395091182
Crow_education_Marlin,zeroshot,28,0.025932190431826322,0.04987937206366994,2.593219043182632
Eagle_education_Shanna,zeroshot,28,0.13933464781807137,0.1790763028779093,14.20837531437007
Eagle_public_Minnie,zeroshot,28,0.11104111048865756,0.1405140178342752,10.771587572233658
Fox_education_Kim,zeroshot,28,0.34400688534751056,0.4154315450726616,77.28406311374701
Fox_lodging_Wallace,zeroshot,28,0.15754812785765823,0.18750773803949314,16.842409981892143
Fox_office_Berniece,zeroshot,28,0.4773186353086954,0.5814692238698157,53.900505906468446
Fox_public_Denny,zeroshot,28,0.09345349216874832,0.12028036321820258,9.85301795147467
Gator_office_August,zeroshot,28,0.2580763672406269,0.38702654988057944,778.0993627182381
Gator_public_Nettie,zeroshot,28,0.2272533678506312,0.3392511212373788,48.08114735563762
Gator_warehouse_Stacie,zeroshot,28,0.20747406753636985,0.28012469142530877,45.66747738275697
Hog_assembly_Pedro,zeroshot,28,0.2889223752159106,0.3608877689742457,30.833186693120513
Hog_education_George,zeroshot,28,0.08610891790794317,0.10375388610496582,8.410103968294528
Hog_lodging_Mauricio,zeroshot,28,0.20085247603346373,0.23141639968228087,22.324074997613845
Hog_office_Randi,zeroshot,28,0.3158767334898948,0.3648404112149858,31.63477690381556
Hog_parking_Bernardo,zeroshot,28,0.1689596512527186,0.19726522991954976,16.734513875529665
Hog_public_Gerard,zeroshot,28,0.3099920606750616,0.3428710100130434,38.73101289053811
Lamb_education_Mae,zeroshot,28,0.6302195018968177,0.800308923728339,73.17384014592069
Lamb_education_Mckenzie,zeroshot,28,0.5434960341706631,0.754646777857128,52.71628032885276
Lamb_industrial_Willard,zeroshot,28,2.891060102211971,3.426632318830628,289.10601022119715
Lamb_lodging_Burt,zeroshot,28,0.7579843243786158,0.8779692068380169,103.64156463857779
Lamb_office_Jo,zeroshot,28,1.445530061253521,1.7133161718539103,144.5530061253521
Moose_education_Leland,zeroshot,28,0.22409251628007387,0.24906338617461996,22.126243580177807
Moose_education_Ricardo,zeroshot,28,0.11095965323476391,0.13434953929664267,10.78380548489207
Mouse_health_Modesto,zeroshot,28,,,2891060121.3283367
Panther_education_Edna,zeroshot,28,0.20972210102490518,0.25106013477895994,23.286105218504886
Panther_education_Teofila,zeroshot,28,0.288252882729315,0.3467181352723118,34.50562063006006
Panther_office_Larry,zeroshot,28,0.449607032022323,0.4944769130903947,53.49543989203225
Peacock_education_Pasquale,zeroshot,28,0.051902924994528345,0.0631774904078194,5.237546225630138
Peacock_lodging_James,zeroshot,28,0.1811704880954873,0.21187949767591277,19.178164773574665
Peacock_office_Effie,zeroshot,28,0.28718393751095,0.3486547230107402,33.31387954043386
Rat_assembly_Ezequiel,zeroshot,28,0.27449747172626726,0.3412015729197822,31.78285634415979
Rat_education_Kelsey,zeroshot,28,0.14146621657643207,0.17961532567532254,13.74438832117807
Rat_education_Robyn,zeroshot,28,0.20938413120509547,0.23319566277602521,21.740965752764275
Rat_other_Lan,zeroshot,28,0.16022759562360717,0.19319611228454697,34.600974078480945
Robin_assembly_Colleen,zeroshot,28,0.30100895056650534,0.3795891761504082,42.0806191117272
Robin_education_Della,zeroshot,28,0.3783592893260109,0.4913908710083934,138.71410300105794
Robin_public_Cami,zeroshot,28,0.2747043667443354,0.3495700406814374,38.389626627125104
Swan_unknown_Esteban,zeroshot,28,0.1935211455801837,0.22061661109537603,20.481199431185434
Wolf_education_Roderick,zeroshot,28,0.4015758432357418,0.5282373806315248,185.80941027325565
Wolf_office_Elisabeth,zeroshot,28,0.06936725986696907,0.0854990831985123,6.922040644823399
Wolf_office_Nadia,zeroshot,28,0.2726983809005203,0.3178562350139434,27.635249009535283
Wolf_public_Norma,zeroshot,28,0.5134030761619426,0.6021002180957336,70.50395927563494
Wolf_retail_Toshia,zeroshot,28,0.7936058581317221,0.8701446797193682,128.2651251651178
